key,disposition,notes
00:18:85:67:0B:31,,
00:18:85:62:98:0D,,
00:18:85:63:4A:21,,
00:18:85:5C:C7:95,,
00:18:85:66:33:C2,,
00:18:85:66:32:55,,
00:18:85:66:30:2A,,
00:18:85:4A:B5:B3,,
00:18:85:60:F3:65,,
00:18:85:64:F5:B8,,
00:18:85:67:EA:DD,,
00:18:85:55:BA:55,,
00:18:85:64:E2:C7,,
00:18:85:5B:99:D7,,
00:40:8C:CD:D3:A9,,
00:40:8C:CE:8A:9D,,
00:40:8C:DF:AC:2F,,
AC:CC:8E:1E:3B:1E,,
00:40:8C:DF:AC:2D,,
00:40:8C:DF:AC:30,,
00:1F:92:04:1B:7D,,
00:40:8C:DF:AC:2C,,
00:40:8C:DF:AC:31,,
00:40:8C:D9:E9:41,,
00:40:8C:CE:34:8C,,
00:40:8C:DF:AC:32,,
00:40:8C:DF:86:A5,,
00:40:8C:DF:86:A3,,
00:18:85:47:76:65,,
00:18:85:4E:B1:D2,,
00:18:85:5B:AC:BC,,
00:1F:92:04:7A:52,,
00:18:85:5D:C8:24,,
AC:CC:8E:47:47:35,,
AC:CC:8E:47:47:8F,,
00:40:8C:FA:4B:E1,,
AC:CC:8E:47:07:17,,
AC:CC:8E:47:47:8E,,
AC:CC:8E:47:07:1A,,
AC:CC:8E:3B:3E:44,,
AC:CC:8E:3B:08:B8,,
AC:CC:8E:3B:44:05,,
00:40:8C:EF:1B:4E,,
00:40:8C:EF:1B:4C,,
00:40:8C:EF:1B:4A,,
00:40:8C:F8:88:40,,
00:40:8C:EF:1B:4F,,
00:40:8C:EF:1B:4D,,
00:40:8C:EF:1B:4B,,
00:40:8C:EF:1B:46,,
00:40:8C:EF:1B:43,,
00:40:8C:EF:1B:49,,
00:40:8C:EF:1B:44,,
00:40:8C:EF:1B:42,,
00:40:8C:EF:1B:47,,
00:40:8C:EF:1B:45,,
00:40:8C:EF:1B:48,,
00:18:85:5D:C7:DB,,
00:18:85:5B:0E:DB,,
00:18:85:56:B6:70,,
AC:CC:8E:D5:3E:3F,,
AC:CC:8E:D5:3F:31,,
00:40:8C:DF:37:CE,,
B8:A4:4F:25:0C:32,,
B8:A4:4F:25:0C:43,,
00:18:85:56:AB:AA,,
00:18:85:55:72:B5,,
00:40:8C:DF:2C:41,,
00:18:85:55:A2:A4,,
00:18:85:49:D1:E3,,
00:18:85:4A:4A:0B,,
AC:CC:8E:68:35:45,,
AC:CC:8E:68:35:3C,,
10:4F:A8:5A:7E:D4,,
AC:CC:8E:61:94:85,,
AC:CC:8E:5E:48:9A,,
AC:CC:8E:68:35:60,,
AC:CC:8E:68:35:41,,
AC:CC:8E:68:35:34,,
AC:CC:8E:68:35:18,,
AC:CC:8E:61:94:B7,,
AC:CC:8E:68:35:47,,
00:18:85:4B:04:4F,,
00:40:8C:EF:8A:EF,,
00:40:8C:EF:80:3F,,
00:40:8C:EF:8C:9D,,
00:40:8C:EF:8A:EE,,
00:40:8C:EF:8A:F1,,
00:40:8C:EF:80:3E,,
00:40:8C:EF:8A:F4,,
00:40:8C:EF:8C:9B,,
00:40:8C:EF:8C:9E,,
00:40:8C:EF:8A:F6,,
00:40:8C:EF:8A:F5,,
00:40:8C:EF:8A:F2,,
00:40:8C:EF:8C:97,,
00:40:8C:EF:8C:99,,
00:18:85:56:AB:AD,,
00:40:8C:EF:8C:9C,,
00:18:85:55:AF:60,,
00:18:85:53:CA:20,,
00:40:8C:EF:8C:9F,,
00:18:85:55:AF:FD,,
AC:CC:8E:A1:7F:85,,
B8:A4:4F:3C:75:1E,,
B8:A4:4F:3C:75:2C,,
B8:A4:4F:40:F8:9C,,
B8:A4:4F:3C:73:22,,
00:18:85:5D:F7:FB,,
B8:A4:4F:3C:72:6C,,
B8:A4:4F:3C:76:09,,
B8:A4:4F:3C:77:05,,
B8:A4:4F:3C:77:09,,
00:18:85:53:CA:3F,,
B8:A4:4F:3C:77:03,,
B8:A4:4F:3C:76:26,,
B8:A4:4F:3C:76:2F,,
B8:A4:4F:36:35:41,,
B8:A4:4F:36:34:A3,,
B8:A4:4F:3C:89:24,,
B8:A4:4F:3C:73:2B,,
B8:A4:4F:35:A6:04,,
B8:A4:4F:36:35:40,,
B8:A4:4F:36:35:3F,,
B8:A4:4F:35:A6:1B,,
00:18:85:5D:F7:83,,
B8:A4:4F:3C:72:39,,
B8:A4:4F:36:35:12,,
B8:A4:4F:36:35:10,,
B8:A4:4F:35:A5:E4,,
B8:A4:4F:35:BE:8B,,
00:18:85:5D:F0:E8,,
00:18:85:5D:F3:4D,,
B8:A4:4F:3C:76:FC,,
B8:A4:4F:36:35:17,,
B8:A4:4F:33:83:E8,,
B8:A4:4F:35:A6:3E,,
B8:A4:4F:35:A5:F3,,
00:18:85:5D:F3:38,,
B8:A4:4F:36:34:F3,,
B8:A4:4F:35:BE:E6,,
00:18:85:5D:F8:00,,
00:18:85:5D:F6:22,,
B8:A4:4F:3C:89:14,,
B8:A4:4F:33:84:39,,
B8:A4:4F:36:34:F6,,
B8:A4:4F:35:BE:C4,,
B8:A4:4F:3D:91:17,,
00:18:85:5D:F3:48,,
B8:A4:4F:35:BE:83,,
B8:A4:4F:35:A6:0C,,
B8:A4:4F:35:A6:24,,
B8:A4:4F:35:A6:48,,
B8:A4:4F:40:F9:16,,
00:18:85:55:B0:06,,
00:18:85:55:B0:13,,
B8:A4:4F:40:F2:CD,,
B8:A4:4F:40:F1:47,,
B8:A4:4F:40:F8:BE,,
B8:A4:4F:40:F8:78,,
00:40:8C:D5:B7:21,,
00:40:8C:D5:A8:C8,,
00:40:8C:D5:B7:20,,
00:40:8C:D5:B7:1F,,
00:40:8C:DA:1B:A0,,
B8:A4:4F:4F:AF:EC,,
B8:A4:4F:30:DF:1D,,
00:18:85:56:AA:A5,,
00:40:8C:D5:A8:CC,,
00:40:8C:D5:A8:CA,,
00:40:8C:D5:A8:C3,,
00:40:8C:D5:A8:C9,,
B8:A4:4F:44:75:3C,,
AC:CC:8E:C0:B9:08,,
00:18:85:56:6B:89,,
00:40:8C:DA:1B:A1,,
B8:A4:4F:28:44:04,,
00:40:8C:D5:A8:CB,,
B8:A4:4F:53:33:B4,,
00:18:85:5A:97:B5,,
00:18:85:5A:87:EA,,
00:40:8C:D5:B7:1E,,
B8:A4:4F:27:C4:38,,
00:40:8C:DF:86:A7,,
00:40:8C:DF:5D:C5,,
00:40:8C:DF:5D:C8,,
00:40:8C:DF:86:AD,,
00:40:8C:DF:86:B1,,
00:40:8C:DF:5D:C3,,
00:40:8C:DF:5D:C4,,
00:18:85:53:D3:B3,,
00:40:8C:DF:86:AB,,
00:18:85:5D:C8:4C,,
00:18:85:5D:C8:66,,
00:40:8C:DF:86:A8,,
00:18:85:5D:C7:68,,
AC:CC:8E:8F:6A:69,,
00:18:85:5E:F3:90,,
00:18:85:43:7A:E4,,
AC:CC:8E:A4:3F:4E,,
AC:CC:8E:A4:35:F7,,
AC:CC:8E:A1:B4:62,,
AC:CC:8E:A1:FE:E3,,
AC:CC:8E:8F:FA:C1,,
AC:CC:8E:8F:72:00,,
AC:CC:8E:A1:B4:84,,
AC:CC:8E:A4:3C:E1,,
AC:CC:8E:A4:3C:B8,,
AC:CC:8E:B4:51:A4,,
00:18:85:45:A8:A0,,
00:18:85:45:A8:A7,,
00:18:85:45:A8:DE,,
00:18:85:45:A8:FD,,
00:18:85:45:A9:3B,,
AC:CC:8E:50:F0:DE,,
00:18:85:56:AB:B5,,
00:18:85:48:75:69,,
00:18:85:55:B0:1A,,
00:18:85:49:D1:49,,
00:40:8C:EF:B4:AC,,
00:18:85:49:0B:90,,
AC:CC:8E:A1:6C:B6,,
AC:CC:8E:8F:72:4C,,
00:18:85:52:2B:2B,,
00:18:85:52:2A:B0,,
00:40:8C:C6:89:EF,,
00:18:85:49:8B:97,,
00:40:8C:C6:8A:05,,
00:40:8C:CD:D6:8A,,
00:40:8C:CD:D6:88,,
00:18:85:49:D0:AD,,
00:18:85:45:A5:9F,,
00:40:8C:C6:8A:03,,
00:40:8C:C6:8A:02,,
00:40:8C:C6:8A:06,,
00:40:8C:C6:89:F0,,
AC:CC:8E:D4:AE:C5,,
00:40:8C:BA:BD:96,,
AC:CC:8E:A4:3D:77,,
00:40:8C:BA:BD:97,,
00:18:85:4A:50:20,,
00:18:85:63:AD:9E,,
00:18:85:61:CE:34,,
00:18:85:64:61:D4,,
00:40:8C:CD:F7:F5,,
00:40:8C:CE:88:F9,,
00:40:8C:CE:88:FA,,
00:40:8C:E6:09:B9,,
00:40:8C:CE:88:F8,,
00:40:8C:CE:88:FE,,
00:40:8C:CE:88:FB,,
00:40:8C:CE:88:FC,,
00:40:8C:CE:88:FD,,
00:40:8C:CE:67:1E,,
00:40:8C:CE:67:2C,,
00:40:8C:CE:89:15,,
00:40:8C:CE:89:14,,
00:40:8C:CE:67:23,,
00:40:8C:CE:88:F7,,
00:40:8C:CE:67:1D,,
00:40:8C:CE:88:F5,,
00:40:8C:CE:67:2D,,
00:40:8C:CE:67:26,,
00:18:85:4E:B6:44,,
00:18:85:4E:B6:0A,,
00:18:85:5D:C7:D0,,
00:18:85:5D:C7:66,,
00:40:8C:CD:D5:B4,,
00:1F:92:04:9E:48,,
00:1F:92:04:9E:65,,
B8:A4:4F:3C:74:7E,,
B8:A4:4F:40:F8:B1,,
00:18:85:5D:F2:8B,,
B8:A4:4F:3C:76:D3,,
B8:A4:4F:3C:78:89,,
B8:A4:4F:3C:76:F6,,
B8:A4:4F:3C:76:F2,,
B8:A4:4F:3C:72:B9,,
00:18:85:53:C4:12,,
B8:A4:4F:3C:72:A9,,
00:18:85:56:AC:D4,,
B8:A4:4F:3C:78:9A,,
B8:A4:4F:40:F8:B9,,
B8:A4:4F:3C:89:38,,
B8:A4:4F:40:F8:59,,
B8:A4:4F:3C:75:5C,,
B8:A4:4F:35:A5:94,,
B8:A4:4F:35:BE:72,,
B8:A4:4F:35:A5:B1,,
B8:A4:4F:35:A6:2F,,
B8:A4:4F:3C:76:E2,,
B8:A4:4F:35:A5:93,,
B8:A4:4F:35:BE:D6,,
B8:A4:4F:36:35:64,,
B8:A4:4F:35:A5:91,,
00:18:85:5D:E6:DC,,
00:18:85:5D:F6:1F,,
B8:A4:4F:36:33:83,,
B8:A4:4F:36:34:86,,
B8:A4:4F:36:34:A4,,
B8:A4:4F:36:33:E3,,
B8:A4:4F:3C:72:C0,,
00:18:85:5D:F7:F8,,
00:18:85:5D:F1:EB,,
B8:A4:4F:36:33:9E,,
B8:A4:4F:36:34:A1,,
B8:A4:4F:36:34:85,,
B8:A4:4F:36:33:7E,,
B8:A4:4F:3C:78:94,,
00:18:85:5D:EB:73,,
B8:A4:4F:36:34:87,,
B8:A4:4F:36:34:D1,,
B8:A4:4F:36:34:D2,,
B8:A4:4F:35:A6:32,,
B8:A4:4F:35:A5:E3,,
B8:A4:4F:35:A5:AD,,
00:18:85:55:B9:92,,
B8:A4:4F:40:F1:35,,
B8:A4:4F:35:A5:AE,,
B8:A4:4F:40:FA:8E,,
B8:A4:4F:40:F8:6F,,
B8:A4:4F:35:BE:99,,
AC:CC:8E:A4:3D:E1,,
AC:CC:8E:A4:3E:31,,
AC:CC:8E:8F:FA:B8,,
AC:CC:8E:8F:FA:C6,,
00:18:85:5E:F2:9B,,
00:18:85:43:77:94,,
AC:CC:8E:A4:3E:34,,
AC:CC:8E:A4:3E:0F,,
00:18:85:49:D1:05,,
AC:CC:8E:A4:F2:2D,,
AC:CC:8E:A1:B4:30,,
AC:CC:8E:A1:A4:60,,
00:1F:92:03:F5:F2,,
AC:CC:8E:A1:AB:90,,
AC:CC:8E:A4:36:08,,
00:1F:92:03:F5:F3,,
AC:CC:8E:A1:B5:41,,
AC:CC:8E:B3:19:C6,,
AC:CC:8E:A1:AB:91,,
AC:CC:8E:CD:F4:FB,,
00:18:85:5D:F2:27,,
00:18:85:5D:EB:0C,,
AC:CC:8E:D5:A5:59,,
AC:CC:8E:CD:F5:52,,
00:18:85:5D:F6:93,,
00:18:85:5D:F7:30,,
00:18:85:5D:F2:3D,,
AC:CC:8E:D5:A4:1A,,
AC:CC:8E:CD:F3:E7,,
00:18:85:5D:F6:B8,,
00:18:85:5D:EC:AD,,
00:18:85:5D:F3:47,,
AC:CC:8E:D5:A4:D3,,
AC:CC:8E:CD:F3:D0,,
00:18:85:5D:EC:1F,,
00:18:85:5D:E6:D9,,
00:18:85:5D:F8:0A,,
AC:CC:8E:CD:F3:D1,,
AC:CC:8E:CD:F3:A9,,
00:18:85:5D:F7:85,,
00:18:85:5D:F2:9C,,
AC:CC:8E:DE:BF:86,,
00:18:85:56:71:84,,
00:18:85:5D:C6:F9,,
AC:CC:8E:DE:BF:5D,,
AC:CC:8E:D5:3A:9C,,
AC:CC:8E:D5:3A:AD,,
B8:A4:4F:1D:9C:BE,,
B8:A4:4F:1D:9D:66,,
AC:CC:8E:D5:A4:52,,
AC:CC:8E:D5:A5:3F,,
AC:CC:8E:CC:F1:CC,,
AC:CC:8E:CC:F1:D6,,
AC:CC:8E:CC:D6:52,,
AC:CC:8E:CC:D6:29,,
AC:CC:8E:CC:D6:43,,
AC:CC:8E:A1:A4:82,,
AC:CC:8E:16:22:8B,,
AC:CC:8E:16:24:2C,,
00:40:8C:8C:05:9D,,
AC:CC:8E:A1:A4:6D,,
AC:CC:8E:A1:A4:90,,
AC:CC:8E:80:0D:5F,,
00:40:8C:A3:01:E8,,
00:40:8C:DA:87:E0,,
00:40:8C:DB:11:09,,
00:40:8C:DA:B2:6B,,
00:40:8C:DA:D9:35,,
00:18:85:49:EF:9F,,
00:40:8C:A3:03:4F,,
00:40:8C:DA:D9:36,,
00:18:85:45:E5:44,,
00:40:8C:A3:01:F0,,
00:40:8C:A3:01:EF,,
AC:CC:8E:F2:1F:0C,,
00:40:8C:A3:03:4D,,
00:40:8C:A3:01:F1,,
00:40:8C:99:97:E8,,
00:40:8C:A3:01:EA,,
00:40:8C:A3:01:EC,,
00:40:8C:DA:B7:D1,,
00:40:8C:A3:01:E9,,
00:40:8C:A3:01:ED,,
00:18:85:53:D6:62,,
00:40:8C:DA:B7:CE,,
00:40:8C:A3:01:EE,,
AC:CC:8E:42:75:1E,,
AC:CC:8E:42:75:1A,,
00:18:85:49:FC:87,,
00:40:8C:A3:03:4C,,
00:40:8C:DA:C4:A7,,
AC:CC:8E:49:79:AC,,
AC:CC:8E:48:91:EB,,
AC:CC:8E:50:4C:20,,
AC:CC:8E:3B:08:2F,,
AC:CC:8E:49:85:72,,
AC:CC:8E:49:85:73,,
AC:CC:8E:49:85:74,,
AC:CC:8E:3B:09:F9,,
AC:CC:8E:41:DC:CE,,
AC:CC:8E:3A:AB:6E,,
AC:CC:8E:41:DD:3E,,
AC:CC:8E:48:4B:69,,
00:18:85:55:B9:B6,,
00:18:85:55:A7:FD,,
AC:CC:8E:3B:09:FB,,
AC:CC:8E:3B:08:DD,,
00:18:85:55:6A:6A,,
AC:CC:8E:26:F2:66,,
AC:CC:8E:26:F2:67,,
AC:CC:8E:26:F2:68,,
AC:CC:8E:3B:08:2D,,
00:18:85:55:A8:0B,,
AC:CC:8E:50:4B:91,,
AC:CC:8E:50:4F:C7,,
AC:CC:8E:49:79:AD,,
AC:CC:8E:49:79:AE,,
00:40:8C:E5:98:24,,
00:40:8C:E5:95:9B,,
00:40:8C:E5:91:E0,,
00:40:8C:E5:95:99,,
00:40:8C:E5:98:25,,
00:40:8C:E5:91:E2,,
00:40:8C:E5:95:97,,
00:40:8C:E5:92:5A,,
00:40:8C:E5:92:5E,,
00:40:8C:E5:91:DE,,
00:40:8C:E5:98:26,,
00:40:8C:E5:92:5B,,
00:40:8C:E5:95:98,,
00:40:8C:E5:98:27,,
00:40:8C:E5:95:93,,
00:40:8C:E5:98:28,,
00:40:8C:E5:91:E1,,
00:40:8C:E5:95:95,,
00:40:8C:E5:95:9A,,
00:40:8C:E5:92:5D,,
00:40:8C:E5:92:5C,,
00:40:8C:E5:95:9C,,
00:40:8C:E5:95:96,,
00:40:8C:E5:91:DF,,
00:40:8C:E2:CB:40,,
00:18:85:60:78:69,,
00:40:8C:E6:8A:46,,
00:18:85:56:B2:10,,
00:18:85:50:FB:72,,
00:18:85:50:9E:28,,
00:18:85:50:FA:5B,,
00:18:85:51:05:97,,
00:18:85:50:8B:1D,,
00:18:85:50:8B:6C,,
00:18:85:50:FB:5F,,
00:18:85:50:C4:50,,
00:18:85:50:9F:9F,,
00:18:85:50:C3:E9,,
00:18:85:50:9F:A1,,
00:40:8C:CD:D3:AC,,
00:40:8C:C6:95:27,,
00:40:8C:CD:D3:AA,,
00:40:8C:CD:D3:AD,,
AC:CC:8E:A1:3B:CD,,
AC:CC:8E:A1:3B:D1,,
AC:CC:8E:A1:FE:EB,,
AC:CC:8E:A1:FE:F3,,
AC:CC:8E:A5:56:AF,,
00:18:85:44:90:D2,,
AC:CC:8E:C1:02:A7,,
AC:CC:8E:A4:24:72,,
00:18:85:43:7A:FC,,
AC:CC:8E:3B:2C:F8,,
00:18:85:45:91:A9,,
00:18:85:55:AF:8A,,
00:40:8C:DA:82:BA,,
00:40:8C:DA:B2:96,,
00:18:85:55:B4:6F,,
00:40:8C:DA:C7:11,,
00:40:8C:DA:B2:8F,,
00:40:8C:DA:B2:90,,
00:40:8C:DA:B2:92,,
00:40:8C:DA:B2:93,,
00:40:8C:DA:C7:13,,
00:18:85:55:B9:C8,,
00:40:8C:DA:C8:62,,
00:40:8C:DA:B2:94,,
00:40:8C:DA:5E:02,,
00:40:8C:EF:17:32,,
00:18:85:49:A2:E3,,
00:40:8C:EF:CF:25,,
00:40:8C:DF:BD:D5,,
00:40:8C:DF:BD:F2,,
00:40:8C:DF:3C:BF,,
00:18:85:45:37:C7,,
00:40:8C:DF:F7:3C,,
00:18:85:48:B5:33,,
00:40:8C:E6:BB:9E,,
00:40:8C:DF:8D:4A,,
00:40:8C:DF:4E:C1,,
00:18:85:49:CE:9C,,
00:18:85:49:CF:1F,,
00:18:85:49:CF:24,,
00:18:85:49:CF:2A,,
00:18:85:49:CF:3E,,
00:18:85:49:CF:51,,
00:18:85:49:CF:5F,,
00:18:85:49:CF:74,,
00:18:85:3B:FB:74,,
00:18:85:49:CF:D6,,
00:18:85:49:CF:E3,,
00:18:85:49:CF:ED,,
00:18:85:49:D0:0F,,
00:18:85:49:D0:2A,,
00:18:85:49:D0:3B,,
00:1F:92:04:1B:6F,,
00:40:8C:DF:BD:F4,,
00:40:8C:DF:BD:F9,,
00:18:85:5D:F1:D5,,
B8:A4:4F:5D:5F:0E,,
B8:A4:4F:44:77:98,,
B8:A4:4F:68:61:3F,,
B8:A4:4F:68:62:08,,
B8:A4:4F:68:6B:0C,,
AC:CC:8E:CC:4D:89,,
AC:CC:8E:CC:72:B8,,
00:18:85:61:16:C6,,
AC:CC:8E:CC:72:EC,,
AC:CC:8E:CC:70:97,,
AC:CC:8E:CC:70:4D,,
AC:CC:8E:CC:5F:EE,,
AC:CC:8E:CC:4E:33,,
AC:CC:8E:CC:5F:58,,
AC:CC:8E:CC:45:EC,,
AC:CC:8E:CC:4E:F0,,
AC:CC:8E:CC:4E:E9,,
AC:CC:8E:CC:4D:6D,,
AC:CC:8E:CC:5F:2E,,
AC:CC:8E:CC:5F:45,,
AC:CC:8E:CC:44:C7,,
AC:CC:8E:CC:55:D7,,
AC:CC:8E:CC:5F:78,,
AC:CC:8E:CC:47:0A,,
00:18:85:55:BA:59,,
AC:CC:8E:CC:4D:61,,
AC:CC:8E:CC:5D:55,,
AC:CC:8E:CC:5E:FC,,
AC:CC:8E:D5:3F:57,,
00:18:85:57:7B:AD,,
00:18:85:57:7B:49,,
00:18:85:57:30:31,,
AC:CC:8E:D5:3F:B2,,
AC:CC:8E:D5:40:0C,,
00:18:85:57:7C:A7,,
00:18:85:57:32:4A,,
00:18:85:57:64:4C,,
AC:CC:8E:D5:3E:25,,
AC:CC:8E:D5:C5:2C,,
AC:CC:8E:D5:40:68,,
00:40:8C:EF:7A:C4,,
AC:CC:8E:76:F0:40,,
AC:CC:8E:76:F0:6D,,
00:18:85:57:7C:47,,
00:18:85:53:D6:8D,,
AC:CC:8E:D5:40:9F,,
AC:CC:8E:D4:EB:E1,,
AC:CC:8E:6E:00:FF,,
AC:CC:8E:D5:40:63,,
AC:CC:8E:D5:40:57,,
AC:CC:8E:D5:40:79,,
AC:CC:8E:D5:A4:64,,
AC:CC:8E:76:F0:80,,
00:18:85:5C:4A:76,,
AC:CC:8E:CD:F4:B0,,
AC:CC:8E:76:F0:A5,,
00:18:85:57:0B:7E,,
00:40:8C:EF:FF:80,,
00:40:8C:EF:FF:84,,
00:18:85:57:7B:90,,
00:18:85:5B:58:2C,,
00:40:8C:EF:FF:7F,,
AC:CC:8E:D4:F6:F0,,
AC:CC:8E:D5:3F:07,,
00:18:85:57:7B:71,,
AC:CC:8E:76:F0:7A,,
AC:CC:8E:76:F0:A8,,
AC:CC:8E:6E:00:CC,,
AC:CC:8E:02:E0:95,,
AC:CC:8E:D5:43:2E,,
AC:CC:8E:CD:F4:BF,,
AC:CC:8E:CD:F4:93,,
AC:CC:8E:D5:3F:BA,,
AC:CC:8E:D5:EC:1E,,
AC:CC:8E:D5:EC:5D,,
AC:CC:8E:D5:41:A4,,
00:18:85:5E:B1:C5,,
00:18:85:52:AE:E8,,
00:18:85:58:A8:20,,
00:18:85:4E:C6:F0,,
00:1F:92:04:4A:53,,
AC:CC:8E:5E:E6:4A,,
AC:CC:8E:5E:E6:6D,,
AC:CC:8E:5E:E6:3D,,
AC:CC:8E:5E:E6:3C,,
AC:CC:8E:61:65:F0,,
AC:CC:8E:61:68:02,,
00:18:85:44:DE:6B,,
10:4F:A8:5A:7B:1E,,
AC:CC:8E:68:40:E1,,
AC:CC:8E:68:40:7E,,
AC:CC:8E:5E:C5:7B,,
AC:CC:8E:68:40:9D,,
00:18:85:5D:C7:0F,,
AC:CC:8E:61:49:98,,
AC:CC:8E:5E:C5:CD,,
00:18:85:5B:0E:0C,,
AC:CC:8E:68:40:87,,
AC:CC:8E:61:44:F9,,
AC:CC:8E:5E:E6:49,,
AC:CC:8E:5E:E6:4B,,
00:18:85:61:8B:FF,,
00:18:85:5D:CD:2D,,
00:18:85:5D:D0:62,,
00:18:85:52:66:A2,,
00:18:85:2D:F7:3E,,
00:18:85:5A:83:C9,,
00:18:85:51:99:55,,
00:18:85:52:C8:33,,
00:18:85:51:D7:00,,
00:18:85:52:D8:01,,
00:18:85:52:BD:BB,,
00:40:8C:A3:01:E7,,
00:18:85:5B:FB:D0,,
00:40:8C:A3:01:DF,,
00:40:8C:A3:01:DE,,
00:40:8C:A3:01:DD,,
00:40:8C:95:0D:21,,
00:40:8C:A3:03:4B,,
00:40:8C:BF:E6:2D,,
00:18:85:46:59:F5,,
00:18:85:56:74:CC,,
00:18:85:56:AB:C0,,
00:40:8C:EF:89:CC,,
00:40:8C:EF:89:8A,,
00:18:85:5D:95:CA,,
00:18:85:5D:96:33,,
00:40:8C:A3:01:F4,,
00:40:8C:EF:89:C6,,
00:18:85:5A:2D:23,,
00:40:8C:A3:01:F2,,
00:40:8C:BF:9A:DC,,
00:18:85:55:ED:13,,
00:40:8C:A3:01:F3,,
00:40:8C:A3:01:E1,,
00:40:8C:A3:01:E6,,
00:40:8C:A3:01:E5,,
00:40:8C:A3:01:E4,,
00:40:8C:A3:01:E3,,
00:40:8C:A3:01:E0,,
00:18:85:53:D4:61,,
00:40:8C:EF:89:75,,
00:40:8C:EF:89:BE,,
00:40:8C:EF:89:8D,,
00:40:8C:DF:8D:FF,,
AC:CC:8E:A1:B4:96,,
AC:CC:8E:A1:B4:9E,,
00:18:85:56:AF:BE,,
AC:CC:8E:80:5F:BF,,
AC:CC:8E:A1:B5:EC,,
00:18:85:5F:31:1D,,
00:18:85:47:52:53,,
00:18:85:47:96:7F,,
00:18:85:47:95:E9,,
AC:CC:8E:FD:7A:0A,,
AC:CC:8E:A1:FE:F6,,
AC:CC:8E:A1:3B:D5,,
AC:CC:8E:A1:FE:F8,,
AC:CC:8E:A1:FE:E6,,
AC:CC:8E:A3:D6:EA,,
AC:CC:8E:A1:79:B7,,
AC:CC:8E:8F:FA:B2,,
00:18:85:4F:BB:6E,,
00:18:85:5D:B5:A7,,
00:18:85:5A:2E:1C,,
AC:CC:8E:48:8A:8D,,
AC:CC:8E:48:8A:63,,
AC:CC:8E:55:6A:CB,,
AC:CC:8E:46:FC:BC,,
AC:CC:8E:48:88:D6,,
AC:CC:8E:46:FC:13,,
00:18:85:44:E2:7A,,
00:18:85:4F:11:9B,,
00:18:85:46:55:ED,,
00:18:85:48:4D:3D,,
00:18:85:46:6D:B8,,
00:18:85:48:33:48,,
00:18:85:4D:A3:26,,
00:18:85:48:BA:BF,,
00:18:85:46:5C:11,,
00:18:85:48:33:5A,,
00:18:85:48:34:66,,
00:18:85:48:33:73,,
00:18:85:5B:1B:96,,
00:18:85:66:53:CB,,
00:18:85:44:E2:94,,
00:18:85:43:15:6A,,
00:18:85:46:80:C6,,
00:18:85:4E:A7:E8,,
00:40:8C:B1:51:6E,,
00:18:85:52:E3:E6,,
00:40:8C:DF:88:3C,,
00:18:85:55:BA:16,,
00:40:8C:DF:88:3D,,
00:40:8C:DF:86:A0,,
00:40:8C:DF:47:34,,
00:40:8C:DF:47:33,,
00:40:8C:B1:6D:6D,,
00:40:8C:B1:6D:6B,,
00:40:8C:B1:6D:6C,,
00:40:8C:B1:51:6D,,
00:40:8C:B1:51:6C,,
00:40:8C:B1:6D:6A,,
00:40:8C:B1:6D:6E,,
00:40:8C:A6:52:4F,,
00:40:8C:DF:47:4E,,
00:18:85:44:94:74,,
AC:CC:8E:F7:35:3E,,
AC:CC:8E:F7:35:15,,
AC:CC:8E:F7:35:53,,
AC:CC:8E:F7:35:32,,
AC:CC:8E:F7:35:45,,
AC:CC:8E:F7:35:60,,
AC:CC:8E:F7:3B:4A,,
AC:CC:8E:F7:35:70,,
AC:CC:8E:F7:35:43,,
AC:CC:8E:F7:35:55,,
AC:CC:8E:F7:35:3A,,
AC:CC:8E:F7:35:28,,
AC:CC:8E:F7:35:4F,,
AC:CC:8E:F7:35:52,,
AC:CC:8E:B3:61:5B,,
AC:CC:8E:FD:94:AB,,
00:18:85:5C:EC:F8,,
00:18:85:5C:EC:B0,,
00:18:85:5D:C6:D9,,
00:18:85:5D:C7:15,,
00:18:85:5D:C9:61,,
00:18:85:5D:C7:9A,,
00:18:85:4D:4D:3E,,
00:18:85:4E:C6:EE,,
00:18:85:4E:BE:04,,
00:18:85:4E:C6:CE,,
00:18:85:56:68:11,,
00:18:85:4E:C6:F1,,
00:18:85:56:70:23,,
00:18:85:64:C9:EA,,
00:18:85:63:FE:41,,
00:18:85:64:CA:AA,,
00:18:85:53:C4:6F,,
00:18:85:60:E1:19,,
00:18:85:53:C5:4B,,
00:40:8C:9E:12:26,,
00:18:85:55:B4:93,,
00:40:8C:8C:05:E3,,
00:40:8C:8C:0B:7C,,
AC:CC:8E:16:26:13,,
AC:CC:8E:32:B9:F8,,
00:18:85:44:1D:3E,,
00:18:85:43:45:42,,
00:18:85:44:0C:67,,
00:18:85:43:EE:7D,,
00:18:85:43:D1:85,,
00:18:85:43:45:1F,,
00:18:85:44:0D:0C,,
00:18:85:43:D0:53,,
00:18:85:61:B0:DE,,
00:18:85:44:1B:22,,
00:18:85:44:18:AD,,
00:18:85:44:19:FD,,
AC:CC:8E:20:8B:00,,
00:18:85:43:D8:68,,
00:18:85:43:CF:C2,,
00:18:85:44:19:7E,,
00:1F:92:04:38:3E,,
00:18:85:43:D8:4B,,
00:18:85:43:CF:3A,,
00:18:85:43:D8:1F,,
00:18:85:44:0C:7E,,
00:18:85:3F:94:76,,
00:18:85:44:10:9B,,
AC:CC:8E:C6:71:08,,
AC:CC:8E:C6:F7:2F,,
AC:CC:8E:C4:4E:1C,,
AC:CC:8E:C6:F7:37,,
AC:CC:8E:20:8B:27,,
00:18:85:45:E9:42,,
00:18:85:43:B7:0A,,
AC:CC:8E:C6:F7:22,,
AC:CC:8E:C6:F7:15,,
AC:CC:8E:C6:F7:3F,,
00:18:85:43:D0:A8,,
00:1F:92:04:63:62,,
00:18:85:43:66:80,,
00:18:85:48:A6:E1,,
AC:CC:8E:17:4A:A4,,
00:1F:92:04:39:A1,,
00:18:85:49:25:86,,
00:18:85:49:25:D6,,
00:1F:92:04:37:EE,,
00:18:85:49:2C:49,,
00:18:85:47:4E:CD,,
00:1F:92:04:39:9C,,
AC:CC:8E:20:8A:FF,,
AC:CC:8E:31:74:6E,,
AC:CC:8E:16:27:66,,
AC:CC:8E:CD:D7:5B,,
00:18:85:53:37:6D,,
00:18:85:52:DC:06,,
B8:A4:4F:2B:D1:AD,,
00:18:85:52:DC:00,,
00:18:85:52:DB:7B,,
00:18:85:59:E1:07,,
AC:CC:8E:CD:F3:B1,,
00:18:85:53:37:DA,,
00:18:85:52:EA:D5,,
B8:A4:4F:18:C1:53,,
00:40:8C:A3:03:41,,
00:40:8C:A3:03:44,,
00:40:8C:A3:03:42,,
00:18:85:61:CA:C6,,
00:18:85:61:CC:62,,
00:18:85:61:CA:F7,,
00:18:85:5F:28:E3,,
00:18:85:45:A5:B0,,
00:18:85:45:A5:CD,,
00:18:85:45:A5:D6,,
00:18:85:45:A5:F0,,
00:18:85:45:A6:71,,
00:18:85:49:61:6A,,
00:18:85:5D:F1:C4,,
B8:A4:4F:07:0A:0B,,
B8:A4:4F:07:09:BA,,
00:18:85:5D:C7:A1,,
00:18:85:5D:C6:FF,,
AC:CC:8E:F6:3F:68,,
00:18:85:48:33:DB,,
00:18:85:61:1D:99,,
00:18:85:48:AD:5F,,
00:18:85:44:D6:E3,,
00:18:85:48:B1:9B,,
00:18:85:48:AD:EA,,
00:40:8C:BA:1D:6F,,
AC:CC:8E:A1:3C:51,,
00:18:85:5A:AA:C1,,
00:18:85:5B:FF:4A,,
AC:CC:8E:A1:3C:47,,
00:18:85:56:1F:03,,
00:18:85:58:76:EB,,
00:40:8C:A3:77:3A,,
00:40:8C:A3:77:3D,,
00:18:85:5D:92:4B,,
00:18:85:58:75:53,,
B8:A4:4F:27:F1:AA,,
00:18:85:45:A8:84,,
AC:CC:8E:A1:3C:6B,,
00:18:85:42:84:78,,
00:18:85:5D:F2:99,,
00:40:8C:BA:1D:71,,
00:40:8C:BA:1D:72,,
00:18:85:5D:F1:BE,,
00:18:85:45:A6:7A,,
00:18:85:45:A7:05,,
00:18:85:45:A7:28,,
00:18:85:45:A7:8E,,
00:18:85:45:A8:81,,
00:18:85:45:A9:FF,,
00:18:85:48:33:6C,,
00:18:85:45:E5:64,,
AC:CC:8E:76:F0:A6,,
00:18:85:5A:29:41,,
00:40:8C:CE:84:E5,,
00:40:8C:E5:95:94,,
00:18:85:55:0D:BF,,
00:18:85:45:E5:00,,
00:18:85:4E:BD:EB,,
00:18:85:45:9D:FF,,
00:40:8C:E6:2F:B7,,
00:18:85:48:33:ED,,
00:40:8C:E6:58:7B,,
00:40:8C:E6:58:7D,,
00:40:8C:E6:58:7E,,
00:40:8C:E6:58:7C,,
AC:CC:8E:C1:22:86,,
AC:CC:8E:A1:7A:4A,,
AC:CC:8E:8F:9C:83,,
AC:CC:8E:A1:B1:1B,,
00:18:85:54:E7:71,,
00:18:85:46:29:83,,
00:18:85:57:DA:75,,
00:18:85:49:0D:B4,,
00:18:85:49:0C:97,,
00:18:85:49:0D:D4,,
AC:CC:8E:3F:AD:EE,,
00:18:85:59:0E:C3,,
00:18:85:5D:F8:19,,
AC:CC:8E:8F:6A:7D,,
AC:CC:8E:8F:6A:7B,,
AC:CC:8E:A4:35:E8,,
AC:CC:8E:A4:36:2F,,
AC:CC:8E:A4:35:EC,,
AC:CC:8E:C1:4F:63,,
AC:CC:8E:A1:B4:60,,
AC:CC:8E:8F:66:06,,
AC:CC:8E:A1:A4:6C,,
AC:CC:8E:A1:B5:BF,,
AC:CC:8E:A4:3C:BB,,
AC:CC:8E:A4:3D:A7,,
00:18:85:5B:EF:2F,,
00:18:85:55:BA:1A,,
00:40:8C:DB:8E:F2,,
00:18:85:49:D1:18,,
00:40:8C:DB:8E:F1,,
00:18:85:56:72:6E,,
00:18:85:56:B6:82,,
AC:CC:8E:EC:EB:A4,,
AC:CC:8E:EC:EF:DB,,
AC:CC:8E:EC:FD:99,,
AC:CC:8E:F6:A7:97,,
AC:CC:8E:F6:A7:4B,,
00:18:85:5B:FF:F9,,
AC:CC:8E:EC:FE:C4,,
00:18:85:4A:A6:BE,,
00:18:85:53:D6:98,,
00:18:85:5D:C6:90,,
00:18:85:58:B6:E4,,
B8:A4:4F:05:39:0A,,
00:40:8C:DB:53:63,,
00:40:8C:DB:6A:82,,
00:18:85:49:A2:BE,,
00:18:85:48:36:00,,
00:40:8C:DB:7F:76,,
00:18:85:51:61:56,,
00:18:85:51:22:E3,,
00:18:85:51:61:54,,
00:18:85:51:61:AD,,
00:18:85:51:23:49,,
00:18:85:51:61:80,,
00:18:85:51:61:B3,,
00:18:85:51:23:57,,
00:18:85:51:61:B0,,
00:18:85:51:63:30,,
00:18:85:51:23:88,,
00:18:85:51:63:0F,,
00:18:85:51:69:0C,,
00:18:85:51:23:9B,,
00:18:85:51:68:ED,,
00:18:85:51:69:22,,
00:18:85:51:23:B7,,
00:18:85:51:69:1D,,
00:18:85:58:A0:B4,,
00:18:85:55:BA:4E,,
00:18:85:55:BA:2B,,
00:1F:92:04:1B:81,,
00:1F:92:04:1B:72,,
00:18:85:56:72:67,,
00:1F:92:04:1B:D7,,
00:40:8C:BA:D3:58,,
00:40:8C:BA:CC:EB,,
00:40:8C:BA:BD:99,,
00:40:8C:BA:D3:59,,
00:40:8C:DA:54:6B,,
00:40:8C:BA:AE:0C,,
AC:CC:8E:A4:F2:17,,
AC:CC:8E:A1:AB:8D,,
AC:CC:8E:A1:AB:6C,,
AC:CC:8E:A1:B4:0E,,
AC:CC:8E:A1:E6:9D,,
AC:CC:8E:A1:AB:62,,
AC:CC:8E:A1:AB:83,,
00:18:85:5E:9E:A4,,
AC:CC:8E:A1:AB:97,,
AC:CC:8E:A1:B5:C8,,
AC:CC:8E:A1:B4:0C,,
AC:CC:8E:A1:B4:71,,
AC:CC:8E:A1:B4:45,,
AC:CC:8E:8F:70:4A,,
AC:CC:8E:A1:AB:7C,,
AC:CC:8E:A1:A4:48,,
AC:CC:8E:A1:B4:08,,
AC:CC:8E:8F:E3:2E,,
AC:CC:8E:8F:FA:BC,,
AC:CC:8E:A1:B4:B5,,
AC:CC:8E:A1:AB:71,,
AC:CC:8E:A1:B4:24,,
00:18:85:60:94:F2,,
B8:A4:4F:10:0D:16,,
AC:CC:8E:A1:B4:AA,,
AC:CC:8E:A1:AF:A4,,
AC:CC:8E:A1:B4:17,,
AC:CC:8E:8F:CD:FF,,
AC:CC:8E:A1:AB:34,,
00:18:85:45:A7:9E,,
AC:CC:8E:A1:B4:39,,
AC:CC:8E:A1:B4:85,,
AC:CC:8E:A1:B4:42,,
AC:CC:8E:A1:B4:2C,,
AC:CC:8E:A1:AB:92,,
AC:CC:8E:8F:6B:EA,,
00:18:85:5E:75:03,,
AC:CC:8E:A1:22:45,,
AC:CC:8E:A4:E1:57,,
AC:CC:8E:A1:B4:68,,
AC:CC:8E:93:59:84,,
AC:CC:8E:A1:AB:89,,
AC:CC:8E:A1:AB:8F,,
00:18:85:53:8A:C4,,
00:18:85:51:2D:57,,
00:18:85:51:5A:4A,,
00:18:85:4A:92:D5,,
00:18:85:4F:42:9F,,
00:18:85:4F:42:E3,,
AC:CC:8E:A1:3B:CC,,
AC:CC:8E:A1:3B:D6,,
AC:CC:8E:A1:FE:F4,,
AC:CC:8E:A4:3E:19,,
AC:CC:8E:A4:3D:DE,,
AC:CC:8E:B4:1D:75,,
00:18:85:58:B6:FE,,
AC:CC:8E:A1:B4:78,,
AC:CC:8E:CD:E6:6D,,
AC:CC:8E:A4:3E:43,,
00:1F:92:04:37:5C,,
00:18:85:40:5C:7F,,
AC:CC:8E:3F:5D:1B,,
00:18:85:5C:64:70,,
00:18:85:61:4F:62,,
AC:CC:8E:02:E0:94,,
00:18:85:45:9F:FF,,
00:18:85:45:95:34,,
00:18:85:45:9E:24,,
00:18:85:5B:1A:97,,
AC:CC:8E:7C:EE:71,,
AC:CC:8E:7C:F8:0B,,
AC:CC:8E:61:65:AD,,
AC:CC:8E:61:65:D3,,
AC:CC:8E:68:40:A4,,
AC:CC:8E:8F:CC:7C,,
00:18:85:44:94:92,,
00:18:85:44:94:47,,
AC:CC:8E:55:D4:A8,,
AC:CC:8E:55:D4:47,,
AC:CC:8E:68:AE:E9,,
AC:CC:8E:68:3F:B3,,
AC:CC:8E:55:D4:D7,,
AC:CC:8E:55:D4:71,,
AC:CC:8E:55:D4:2D,,
AC:CC:8E:55:D4:DA,,
AC:CC:8E:D4:8F:FC,,
AC:CC:8E:A1:BC:0A,,
AC:CC:8E:A1:BB:F5,,
00:18:85:54:D8:58,,
AC:CC:8E:A1:D8:DC,,
AC:CC:8E:7C:F7:C1,,
AC:CC:8E:7C:C3:74,,
AC:CC:8E:7C:EC:99,,
AC:CC:8E:7C:BB:D0,,
AC:CC:8E:7C:D7:E5,,
AC:CC:8E:8F:CF:08,,
AC:CC:8E:8F:CF:13,,
AC:CC:8E:68:3F:C1,,
AC:CC:8E:61:49:8C,,
AC:CC:8E:61:65:E6,,
AC:CC:8E:68:40:AD,,
AC:CC:8E:68:40:F4,,
00:18:85:4A:90:3F,,
00:40:8C:EB:E5:7E,,
00:18:85:64:83:E9,,
00:18:85:48:BE:31,,
00:1F:92:04:1B:D6,,
00:1F:92:04:73:D6,,
AC:CC:8E:80:CD:30,,
AC:CC:8E:80:CD:2E,,
AC:CC:8E:80:CD:31,,
AC:CC:8E:80:CD:2F,,
00:18:85:53:98:6E,,
00:18:85:56:29:9F,,
00:18:85:66:87:17,,
AC:CC:8E:A1:DC:0B,,
00:18:85:4E:88:C9,,
00:18:85:4D:48:74,,
00:18:85:4D:48:9A,,
00:18:85:5D:72:3D,,
00:18:85:4E:88:D9,,
00:18:85:4E:34:F4,,
00:18:85:4D:E1:41,,
00:18:85:53:D3:AA,,
00:18:85:63:49:A7,,
AC:CC:8E:F7:8D:89,,
AC:CC:8E:CE:08:1F,,
00:1F:92:04:1B:7A,,
00:18:85:4E:B1:93,,
00:40:8C:A3:33:9C,,
00:18:85:56:E3:92,,
00:18:85:53:8A:B2,,
00:1F:92:04:7A:45,,
00:18:85:63:45:86,,
00:40:8C:CD:CB:D9,,
00:18:85:62:81:E4,,
00:18:85:49:8B:A2,,
AC:CC:8E:CD:00:CB,,
00:18:85:49:F5:05,,
00:18:85:49:DB:87,,
00:18:85:49:DB:97,,
00:18:85:57:DA:A4,,
00:18:85:49:C8:66,,
00:18:85:49:C8:69,,
00:40:8C:B1:60:63,,
00:40:8C:DA:BF:AA,,
00:18:85:49:B2:9D,,
00:40:8C:DB:2C:44,,
00:18:85:49:7A:60,,
00:40:8C:DA:5A:8C,,
00:40:8C:DF:4B:A1,,
00:40:8C:DA:5A:89,,
00:18:85:49:D0:52,,
00:18:85:49:D0:86,,
00:18:85:45:A4:1E,,
00:18:85:45:A4:2B,,
00:18:85:45:A4:59,,
00:18:85:49:7A:5C,,
00:18:85:45:A4:CC,,
00:18:85:49:D0:85,,
00:40:8C:CE:2B:B4,,
00:18:85:44:94:5D,,
00:18:85:45:A4:AA,,
00:18:85:45:A5:74,,
00:40:8C:C6:89:EE,,
00:40:8C:C6:89:F4,,
00:18:85:49:7A:76,,
00:18:85:49:7B:2C,,
00:18:85:61:A2:30,,
00:18:85:61:BC:78,,
00:18:85:61:B9:68,,
00:18:85:61:32:AE,,
00:18:85:61:32:B9,,
00:18:85:62:2E:8F,,
00:18:85:60:F1:AC,,
00:18:85:62:2E:E0,,
00:18:85:61:31:E6,,
00:18:85:62:2E:F7,,
00:18:85:62:2F:2A,,
AC:CC:8E:F0:D9:2B,,
00:18:85:56:AD:23,,
00:18:85:5E:F2:D2,,
AC:CC:8E:A4:3E:38,,
00:18:85:5E:ED:A0,,
AC:CC:8E:A4:3D:97,,
AC:CC:8E:A1:FE:ED,,
00:18:85:43:7A:2E,,
00:18:85:5D:00:E9,,
00:18:85:43:79:56,,
AC:CC:8E:A1:A4:47,,
00:18:85:60:1E:89,,
00:18:85:4E:B5:EE,,
00:18:85:5D:00:EC,,
AC:CC:8E:A4:36:12,,
00:18:85:56:70:E2,,
00:18:85:5D:00:E2,,
00:18:85:56:AE:77,,
AC:CC:8E:A1:FE:F9,,
00:18:85:43:79:96,,
AC:CC:8E:A1:B4:6D,,
AC:CC:8E:FD:7A:23,,
AC:CC:8E:3B:09:B6,,
00:18:85:5C:55:04,,
00:18:85:57:8A:97,,
00:18:85:4D:B0:07,,
AC:CC:8E:15:0D:4F,,
00:18:85:4D:A4:40,,
00:18:85:5F:0E:94,,
00:18:85:55:9A:03,,
00:18:85:4D:6D:AB,,
00:18:85:4D:B0:F2,,
00:18:85:4D:B0:0E,,
00:18:85:5B:69:F6,,
00:40:8C:EF:CF:1C,,
00:18:85:64:BE:B1,,
00:18:85:64:BE:B8,,
00:18:85:64:BE:E7,,
00:18:85:64:BE:F1,,
00:18:85:64:BF:1D,,
00:18:85:64:BF:1F,,
00:18:85:64:BF:43,,
00:18:85:64:BF:44,,
00:18:85:64:BF:7D,,
00:18:85:64:C0:01,,
00:18:85:57:4D:61,,
00:18:85:57:A1:44,,
00:18:85:57:C7:94,,
00:18:85:57:C9:F0,,
00:18:85:64:C0:1C,,
00:18:85:64:C0:21,,
00:18:85:64:C0:26,,
00:18:85:64:C0:37,,
00:18:85:64:C0:7F,,
00:18:85:64:C0:A8,,
00:18:85:64:C0:AB,,
00:18:85:64:C0:E0,,
00:18:85:5D:C8:F5,,
00:18:85:56:72:88,,
AC:CC:8E:FD:78:C4,,
AC:CC:8E:FD:7B:34,,
AC:CC:8E:FD:7F:FF,,
AC:CC:8E:FD:80:1E,,
AC:CC:8E:FD:80:41,,
AC:CC:8E:FD:78:57,,
AC:CC:8E:FD:80:34,,
AC:CC:8E:FD:79:C1,,
00:18:85:57:5D:EF,,
AC:CC:8E:7F:ED:B1,,
00:18:85:50:4F:8B,,
00:40:8C:EF:CF:1B,,
00:40:8C:EF:CF:26,,
00:40:8C:EF:CF:17,,
00:40:8C:EF:CF:1D,,
00:40:8C:EF:CF:16,,
00:40:8C:EF:CF:1A,,
00:40:8C:EF:CF:14,,
00:40:8C:EF:CF:18,,
00:40:8C:EF:CF:19,,
00:40:8C:EF:CF:15,,
B8:A4:4F:40:DF:07,,
00:18:85:5D:C6:AD,,
B8:A4:4F:2B:D3:75,,
AC:CC:8E:8F:6B:F7,,
00:18:85:57:BB:23,,
AC:CC:8E:24:7D:58,,
00:18:85:4A:78:A1,,
00:18:85:50:9F:C6,,
AC:CC:8E:24:7D:72,,
00:18:85:58:29:BD,,
00:18:85:4E:B1:D6,,
B8:A4:4F:40:A5:58,,
B8:A4:4F:40:A1:BE,,
B8:A4:4F:40:A1:98,,
B8:A4:4F:40:A1:A6,,
B8:A4:4F:40:A4:BB,,
00:18:85:55:70:29,,
AC:CC:8E:50:72:A6,,
AC:CC:8E:70:9E:F3,,
AC:CC:8E:71:01:CD,,
AC:CC:8E:70:9D:FF,,
AC:CC:8E:70:9E:AB,,
AC:CC:8E:76:EF:C5,,
00:40:8C:89:3C:B6,,
00:40:8C:89:3C:BB,,
00:40:8C:89:3C:BC,,
00:40:8C:88:32:00,,
00:40:8C:88:30:D7,,
AC:CC:8E:33:44:63,,
AC:CC:8E:0A:B8:3F,,
AC:CC:8E:16:75:3B,,
AC:CC:8E:0B:CE:56,,
00:18:85:53:D4:8A,,
00:18:85:56:65:92,,
B8:A4:4F:3D:91:44,,
B8:A4:4F:3D:91:82,,
00:18:85:5D:F7:27,,
B8:A4:4F:68:2A:E6,,
B8:A4:4F:27:B2:55,,
B8:A4:4F:28:56:E0,,
00:18:85:56:AB:C1,,
B8:A4:4F:67:43:31,,
B8:A4:4F:68:4A:91,,
B8:A4:4F:28:19:E1,,
B8:A4:4F:30:75:37,,
AC:CC:8E:6D:E6:08,,
B8:A4:4F:68:2F:42,,
B8:A4:4F:67:45:74,,
00:18:85:56:AB:E4,,
00:18:85:5D:F3:52,,
00:18:85:5D:F7:29,,
00:18:85:5D:96:F8,,
00:40:8C:EF:89:8B,,
00:18:85:5B:19:0E,,
00:18:85:45:FC:9F,,
00:18:85:45:FC:90,,
00:18:85:45:E5:CC,,
AC:CC:8E:A3:FA:1C,,
00:18:85:43:79:88,,
00:18:85:43:BC:DD,,
00:18:85:43:B2:DE,,
AC:CC:8E:A1:A4:71,,
00:18:85:43:79:DD,,
AC:CC:8E:A4:3E:45,,
AC:CC:8E:A1:B2:98,,
AC:CC:8E:A4:3E:92,,
00:18:85:43:7A:16,,
00:18:85:43:BC:D7,,
00:18:85:43:79:C7,,
AC:CC:8E:A4:3E:61,,
AC:CC:8E:A3:D1:BC,,
AC:CC:8E:A4:3D:72,,
AC:CC:8E:A4:CC:1C,,
AC:CC:8E:8F:FA:C2,,
AC:CC:8E:A1:A4:97,,
AC:CC:8E:A4:CC:11,,
AC:CC:8E:A1:A4:67,,
AC:CC:8E:A4:35:F6,,
AC:CC:8E:A1:A4:AC,,
AC:CC:8E:A1:A4:8D,,
AC:CC:8E:5E:E6:11,,
00:18:85:4A:C2:CD,,
00:18:85:4A:90:45,,
00:18:85:4B:4A:21,,
00:18:85:4B:48:BE,,
00:18:85:4A:C2:C0,,
00:18:85:4A:B5:3D,,
00:18:85:4A:C2:C2,,
00:18:85:4A:A4:07,,
00:18:85:4A:B5:F2,,
00:18:85:4A:C2:B8,,
00:18:85:4A:B5:8A,,
00:18:85:4A:C2:A2,,
00:18:85:4A:B6:26,,
00:18:85:61:16:0D,,
00:18:85:4A:90:34,,
00:18:85:4A:B5:E6,,
00:18:85:4A:92:8F,,
00:18:85:4A:C2:D4,,
00:18:85:61:16:57,,
00:18:85:45:A9:5A,,
00:18:85:45:A9:6B,,
00:18:85:46:95:C6,,
00:18:85:46:D4:4B,,
00:18:85:48:33:54,,
AC:CC:8E:47:41:3D,,
00:18:85:46:0F:B6,,
00:18:85:46:0A:ED,,
00:18:85:5D:C7:11,,
00:1F:92:04:7A:21,,
AC:CC:8E:D6:22:A2,,
AC:CC:8E:D6:23:5D,,
AC:CC:8E:DE:DF:7B,,
00:1F:92:04:91:95,,
AC:CC:8E:D6:22:AA,,
00:18:85:5D:C7:1A,,
00:18:85:5B:0F:88,,
00:18:85:61:25:D7,,
AC:CC:8E:D6:22:91,,
00:18:85:55:AD:08,,
00:18:85:56:6B:52,,
AC:CC:8E:A1:BB:74,,
AC:CC:8E:A1:A8:26,,
00:18:85:45:E4:F9,,
00:18:85:53:C9:89,,
00:18:85:62:CE:4B,,
00:18:85:5D:F1:C7,,
00:18:85:45:E5:12,,
00:18:85:5D:EC:29,,
00:18:85:5D:F1:D0,,
00:18:85:4E:B6:82,,
00:18:85:25:63:92,,
00:18:85:57:21:35,,
00:18:85:57:DB:3D,,
00:18:85:5A:77:25,,
00:1F:92:04:7C:10,,
00:18:85:56:5F:F9,,
00:1F:92:04:1B:00,,
00:18:85:55:F3:D4,,
00:18:85:4D:19:03,,
00:40:8C:FA:C1:C8,,
AC:CC:8E:0B:89:46,,
AC:CC:8E:0A:7C:98,,
AC:CC:8E:32:69:D3,,
AC:CC:8E:0B:85:59,,
AC:CC:8E:0B:96:2C,,
00:18:85:5D:8F:64,,
AC:CC:8E:10:D2:9D,,
AC:CC:8E:0B:85:1A,,
00:40:8C:FA:9B:17,,
AC:CC:8E:0B:86:13,,
AC:CC:8E:0A:7B:5C,,
AC:CC:8E:96:90:B0,,
AC:CC:8E:0B:8D:46,,
AC:CC:8E:0B:96:D2,,
AC:CC:8E:0B:96:D0,,
AC:CC:8E:0A:A5:3A,,
AC:CC:8E:0B:0E:F1,,
AC:CC:8E:0A:A4:3A,,
AC:CC:8E:0B:96:A1,,
AC:CC:8E:0B:97:05,,
AC:CC:8E:0B:96:C1,,
AC:CC:8E:11:12:DC,,
AC:CC:8E:0B:85:58,,
AC:CC:8E:0A:A4:1D,,
00:18:85:43:7A:4E,,
00:1F:92:04:49:EB,,
00:18:85:56:80:32,,
00:1F:92:04:7C:27,,
00:18:85:53:C9:7D,,
00:18:85:56:6F:08,,
00:18:85:53:C7:FF,,
00:18:85:56:D4:D5,,
AC:CC:8E:0B:96:9F,,
AC:CC:8E:0B:85:57,,
00:18:85:5A:63:B6,,
AC:CC:8E:D5:EE:FA,,
00:18:85:45:E5:92,,
00:18:85:61:4F:5B,,
00:18:85:5C:65:53,,
00:18:85:5C:64:2E,,
00:18:85:5C:63:E8,,
00:18:85:55:7E:0C,,
00:18:85:58:73:1D,,
00:18:85:49:F4:B3,,
00:18:85:59:62:3A,,
00:18:85:49:D1:E5,,
00:18:85:61:C0:6C,,
00:40:8C:A1:52:37,,
00:18:85:45:91:EA,,
00:18:85:5C:96:78,,
00:18:85:5D:EC:8D,,
00:40:8C:A1:13:7E,,
00:18:85:56:74:8E,,
00:18:85:53:C4:13,,
00:18:85:5D:F6:95,,
00:18:85:5A:D3:BB,,
00:18:85:52:55:22,,
00:18:85:45:E5:9A,,
00:18:85:53:69:48,,
00:18:85:55:CA:3B,,
AC:CC:8E:0A:A4:46,,
AC:CC:8E:0A:88:6C,,
AC:CC:8E:FD:A0:19,,
AC:CC:8E:FD:BC:24,,
AC:CC:8E:FD:BC:1A,,
00:18:85:49:9C:0C,,
00:18:85:49:9C:7D,,
00:18:85:49:77:C8,,
00:18:85:49:78:43,,
00:18:85:49:A2:B8,,
00:18:85:49:77:AE,,
B8:A4:4F:0B:21:5B,,
00:18:85:49:9B:F7,,
AC:CC:8E:A1:ED:88,,
00:40:8C:A3:03:3A,,
00:40:8C:BF:9B:36,,
00:40:8C:A3:03:49,,
00:40:8C:A3:03:4A,,
00:40:8C:A3:03:43,,
00:40:8C:A3:03:45,,
00:40:8C:BF:9B:47,,
00:40:8C:BF:9B:43,,
00:40:8C:BF:9B:46,,
00:40:8C:BA:E3:7A,,
00:40:8C:BA:AC:C6,,
00:40:8C:BA:B2:45,,
00:40:8C:BF:9B:45,,
00:40:8C:E0:41:67,,
00:40:8C:A3:03:46,,
00:40:8C:A3:03:48,,
00:40:8C:A3:03:3E,,
00:18:85:54:3D:84,,
00:18:85:54:6E:09,,
00:18:85:53:69:7A,,
00:18:85:5E:C5:FB,,
00:18:85:55:7D:5B,,
00:18:85:5E:C8:56,,
00:18:85:5C:5B:30,,
00:18:85:56:E2:B2,,
00:18:85:5F:14:21,,
00:18:85:65:21:B6,,
00:18:85:56:54:D3,,
00:18:85:56:69:F9,,
00:18:85:5F:14:EF,,
00:40:8C:BF:9B:49,,
00:40:8C:BF:9B:35,,
00:18:85:56:EB:62,,
00:18:85:56:52:BF,,
00:18:85:53:D7:18,,
00:40:8C:A3:03:37,,
00:40:8C:A3:03:47,,
AC:CC:8E:A1:ED:B0,,
00:18:85:5B:53:5C,,
AC:CC:8E:A1:EB:A4,,
00:40:8C:D5:B6:47,,
00:40:8C:D5:B6:4A,,
AC:CC:8E:A1:EB:8F,,
AC:CC:8E:A1:EC:60,,
00:40:8C:A3:03:38,,
00:18:85:5B:52:85,,
00:18:85:43:79:E8,,
00:40:8C:DA:1F:08,,
00:40:8C:BF:9B:4A,,
B8:A4:4F:4F:01:7C,,
B8:A4:4F:50:85:3B,,
00:40:8C:DF:AA:81,,
00:18:85:44:75:CD,,
00:18:85:5C:59:67,,
00:18:85:56:EA:DD,,
00:18:85:56:AD:21,,
AC:CC:8E:BB:C4:4B,,
00:18:85:56:F1:15,,
00:40:8C:BA:E3:7B,,
AC:CC:8E:A1:EE:12,,
AC:CC:8E:A1:ED:23,,
00:40:8C:E0:41:6A,,
00:40:8C:A3:03:3B,,
00:40:8C:91:B5:DE,,
00:40:8C:91:B5:F1,,
B8:A4:4F:4E:D1:DC,,
00:18:85:56:AD:24,,
AC:CC:8E:8F:6F:B3,,
00:18:85:5D:C7:53,,
00:18:85:5D:C8:31,,
00:18:85:5C:F3:0C,,
00:18:85:45:37:9F,,
00:18:85:5C:ED:CC,,
AC:CC:8E:47:47:41,,
00:18:85:5D:C7:7F,,
00:40:8C:CE:89:1A,,
AC:CC:8E:8F:CC:29,,
AC:CC:8E:8F:C0:1F,,
AC:CC:8E:8F:C0:10,,
AC:CC:8E:7D:5B:BA,,
AC:CC:8E:8F:94:FC,,
AC:CC:8E:8F:C0:3B,,
AC:CC:8E:8F:CC:1B,,
AC:CC:8E:8F:77:5E,,
AC:CC:8E:8F:94:FF,,
AC:CC:8E:8F:C0:66,,
AC:CC:8E:8F:C0:4A,,
00:18:85:5B:8A:48,,
00:40:8C:CE:89:0E,,
00:40:8C:CE:37:B5,,
AC:CC:8E:8F:77:34,,
AC:CC:8E:8F:C0:20,,
AC:CC:8E:8F:C0:14,,
AC:CC:8E:8F:94:F2,,
AC:CC:8E:8F:96:BE,,
AC:CC:8E:8F:CB:EB,,
00:18:85:5B:34:D6,,
AC:CC:8E:7D:5D:BC,,
AC:CC:8E:7D:4F:06,,
00:40:8C:CE:89:19,,
00:18:85:5D:F2:93,,
AC:CC:8E:8F:91:3C,,
00:40:8C:CE:89:0D,,
AC:CC:8E:8F:CF:23,,
00:18:85:4D:BE:E6,,
00:40:8C:CE:37:B3,,
00:40:8C:CE:89:17,,
AC:CC:8E:7D:59:5F,,
AC:CC:8E:8F:C0:65,,
00:40:8C:CE:89:1C,,
00:40:8C:CE:89:0F,,
AC:CC:8E:8F:C0:1E,,
AC:CC:8E:8F:C0:51,,
AC:CC:8E:8F:CB:E9,,
AC:CC:8E:8F:C0:3E,,
AC:CC:8E:8F:CC:1C,,
AC:CC:8E:8F:CC:1A,,
AC:CC:8E:9C:95:57,,
AC:CC:8E:8F:93:EE,,
B8:A4:4F:30:16:E9,,
B8:A4:4F:30:14:68,,
00:18:85:5C:81:23,,
00:18:85:5C:7F:10,,
00:40:8C:CE:89:0A,,
AC:CC:8E:8F:77:10,,
AC:CC:8E:8F:C0:4B,,
B8:A4:4F:27:EB:5F,,
AC:CC:8E:AC:34:CC,,
AC:CC:8E:8F:94:E6,,
AC:CC:8E:8F:CC:21,,
00:18:85:5D:F6:9B,,
AC:CC:8E:FC:2D:96,,
AC:CC:8E:8F:CB:D2,,
AC:CC:8E:8F:CA:CD,,
00:40:8C:CE:67:1C,,
AC:CC:8E:D5:32:24,,
00:40:8C:D9:A6:6A,,
AC:CC:8E:D4:D2:A5,,
AC:CC:8E:D5:1C:12,,
AC:CC:8E:8F:76:CC,,
AC:CC:8E:8F:CC:1D,,
00:40:8C:CE:67:1B,,
00:18:85:56:72:74,,
00:18:85:56:71:8B,,
AC:CC:8E:D4:90:9F,,
AC:CC:8E:D4:92:10,,
00:18:85:59:A1:11,,
AC:CC:8E:D5:32:38,,
AC:CC:8E:CD:F2:50,,
AC:CC:8E:D4:90:74,,
AC:CC:8E:D5:32:3C,,
00:40:8C:C6:29:4C,,
00:40:8C:CE:37:B4,,
AC:CC:8E:8F:95:11,,
AC:CC:8E:8F:76:D5,,
00:40:8C:CE:89:18,,
AC:CC:8E:8F:C0:64,,
AC:CC:8E:8F:CB:B8,,
AC:CC:8E:8F:CB:D0,,
AC:CC:8E:D5:1D:0F,,
AC:CC:8E:D5:32:26,,
AC:CC:8E:8F:76:DB,,
AC:CC:8E:8F:97:E1,,
00:40:8C:CE:37:B6,,
AC:CC:8E:A4:40:4C,,
AC:CC:8E:A1:7B:80,,
00:18:85:5D:E8:E4,,
AC:CC:8E:A1:FE:E4,,
AC:CC:8E:A1:7B:1D,,
AC:CC:8E:A1:A4:98,,
AC:CC:8E:8F:76:C2,,
00:40:8C:CE:84:E6,,
00:40:8C:CE:37:B7,,
AC:CC:8E:8F:94:F3,,
00:18:85:4E:B1:DD,,
00:18:85:4E:B1:8A,,
AC:CC:8E:8F:C0:40,,
AC:CC:8E:8F:CC:26,,
AC:CC:8E:8F:77:0F,,
AC:CC:8E:8F:CC:0A,,
AC:CC:8E:80:CE:F4,,
AC:CC:8E:8F:76:E5,,
00:18:85:5D:38:43,,
00:40:8C:CE:37:B1,,
00:40:8C:C6:29:4B,,
AC:CC:8E:8F:94:E8,,
00:40:8C:CE:84:E8,,
00:40:8C:CE:89:16,,
00:40:8C:CE:89:1B,,
AC:CC:8E:8F:76:B8,,
AC:CC:8E:D4:91:73,,
00:18:85:57:3F:06,,
00:18:85:57:4C:FF,,
00:18:85:57:4D:20,,
00:18:85:50:8B:F7,,
00:1F:92:04:98:6D,,
00:18:85:5D:39:42,,
00:18:85:5C:27:FC,,
00:18:85:59:EB:DB,,
00:18:85:5C:AB:86,,
00:1F:92:04:98:68,,
00:1F:92:04:98:6C,,
00:18:85:49:9C:6F,,
AC:CC:8E:0A:AA:9B,,
AC:CC:8E:0B:EC:07,,
AC:CC:8E:0B:F8:20,,
00:18:85:5F:3B:4B,,
00:18:85:55:33:CD,,
00:18:85:5F:C3:91,,
00:18:85:5E:A4:2D,,
B8:A4:4F:68:2F:43,,
00:18:85:5F:C8:00,,
00:18:85:5F:C2:DA,,
00:18:85:56:71:7D,,
00:18:85:5F:C8:5F,,
AC:CC:8E:47:47:6B,,
00:18:85:48:35:AB,,
AC:CC:8E:0A:A6:FA,,
00:18:85:48:35:F7,,
00:40:8C:A3:3A:DF,,
00:40:8C:A3:3A:E0,,
00:18:85:5F:27:57,,
B8:A4:4F:68:2A:C5,,
00:18:85:5B:32:5C,,
00:18:85:5F:26:FE,,
00:18:85:5F:3A:B4,,
00:18:85:5E:A7:1E,,
00:18:85:55:34:D8,,
00:18:85:59:9D:BF,,
00:18:85:5D:DE:D6,,
00:18:85:5E:7C:C6,,
00:18:85:4E:A6:95,,
00:18:85:5E:A6:6E,,
B8:A4:4F:67:E4:5A,,
00:18:85:54:D7:8B,,
00:18:85:44:07:8E,,
B8:A4:4F:44:99:8C,,
AC:CC:8E:A1:BB:BF,,
AC:CC:8E:76:EF:3C,,
AC:CC:8E:70:9E:D5,,
AC:CC:8E:F6:C1:3E,,
AC:CC:8E:0A:7D:D0,,
B8:A4:4F:25:08:79,,
00:40:8C:F8:24:F9,,
00:18:85:4C:DF:30,,
00:40:8C:F9:FC:4E,,
00:40:8C:E6:C9:67,,
00:40:8C:E6:C9:69,,
00:18:85:49:9C:2E,,
00:18:85:49:9C:36,,
00:18:85:5E:19:8B,,
00:18:85:5E:19:59,,
AC:CC:8E:0A:AA:FF,,
00:18:85:5D:73:B5,,
AC:CC:8E:C1:11:2D,,
AC:CC:8E:76:F8:A7,,
00:18:85:5E:1B:A9,,
00:18:85:5E:E6:62,,
00:18:85:44:94:8D,,
00:18:85:5E:E6:77,,
00:18:85:5E:E6:63,,
00:18:85:5F:3D:18,,
00:40:8C:DF:8D:FA,,
00:40:8C:DF:8D:F5,,
00:40:8C:DF:86:AF,,
00:40:8C:DF:8E:00,,
00:40:8C:DF:8D:EA,,
00:40:8C:DF:8D:E4,,
00:40:8C:DF:8D:FD,,
00:40:8C:DF:86:AE,,
00:40:8C:DF:8D:F2,,
00:40:8C:DF:8D:EF,,
00:40:8C:DF:8D:F4,,
00:40:8C:DF:8D:E3,,
00:40:8C:DF:86:B0,,
00:40:8C:DF:8D:E6,,
00:40:8C:DF:8D:EC,,
00:40:8C:DF:8D:EB,,
00:40:8C:DF:8D:E9,,
00:40:8C:DF:86:A6,,
00:40:8C:DF:8D:F9,,
00:40:8C:DF:8D:FB,,
00:40:8C:DF:8D:EE,,
00:40:8C:DF:8D:F7,,
00:40:8C:DF:86:AA,,
00:40:8C:DF:8D:E2,,
00:40:8C:DF:8D:F8,,
00:40:8C:DF:8D:ED,,
00:40:8C:DF:8D:F3,,
00:40:8C:DF:86:A9,,
00:18:85:4E:B1:C7,,
00:18:85:5A:5C:0A,,
00:18:85:44:94:65,,
00:18:85:55:73:07,,
00:18:85:5C:5E:04,,
00:18:85:56:71:39,,
00:40:8C:DF:8D:E8,,
00:18:85:5D:82:B9,,
00:40:8C:DF:8D:FC,,
00:18:85:55:F0:31,,
AC:CC:8E:8F:5B:5D,,
AC:CC:8E:8F:5B:A9,,
AC:CC:8E:8F:5B:A6,,
AC:CC:8E:8F:5B:5E,,
00:18:85:57:E6:AC,,
00:18:85:58:21:57,,
00:18:85:56:1E:D4,,
00:18:85:58:21:4B,,
00:18:85:58:21:20,,
00:18:85:58:21:50,,
00:18:85:56:35:F4,,
00:18:85:57:F0:E7,,
00:18:85:58:21:AF,,
AC:CC:8E:FD:82:0A,,
AC:CC:8E:5E:43:F5,,
00:18:85:5A:A0:81,,
00:18:85:54:0C:8A,,
00:40:8C:B1:77:F2,,
00:40:8C:AC:66:5B,,
00:18:85:55:ED:02,,
00:40:8C:B1:77:ED,,
00:40:8C:B1:77:F1,,
00:40:8C:B1:77:EF,,
00:18:85:55:EC:D7,,
00:40:8C:EF:89:7A,,
00:40:8C:E0:78:19,,
00:40:8C:EF:17:2C,,
00:40:8C:EF:17:29,,
00:40:8C:EF:8C:91,,
00:40:8C:EF:8C:8E,,
00:40:8C:EF:17:2F,,
00:40:8C:EF:17:2B,,
00:40:8C:EF:17:2E,,
00:18:85:48:33:5F,,
00:40:8C:CD:D9:23,,
00:40:8C:CD:D9:27,,
00:40:8C:EF:4C:B3,,
00:40:8C:EF:4C:AC,,
00:18:85:5E:DB:07,,
00:40:8C:EF:4C:8A,,
00:40:8C:EB:A9:79,,
00:40:8C:EB:A9:7B,,
00:40:8C:EB:A9:77,,
00:18:85:3F:F5:B7,,
00:40:8C:EB:A9:7A,,
00:40:8C:EB:A9:78,,
00:18:85:45:90:2E,,
AC:CC:8E:A1:98:A8,,
B8:A4:4F:25:0B:EF,,
AC:CC:8E:6E:01:0D,,
00:18:85:5A:2D:35,,
00:18:85:4F:11:C9,,
00:18:85:46:7C:48,,
00:18:85:46:7F:31,,
00:18:85:5F:CE:C1,,
00:18:85:49:BB:54,,
00:40:8C:8C:05:E9,,
00:01:4A:2F:BF:C6,,
00:18:85:44:94:54,,
AC:CC:8E:E4:E3:5D,,
00:18:85:5D:C6:91,,
00:18:85:5D:C8:33,,
00:03:C5:04:A4:5C,,
00:18:85:45:91:60,,
00:18:85:45:A0:A1,,
00:18:85:45:8E:13,,
AC:CC:8E:A1:B4:63,,
AC:CC:8E:A1:B4:18,,
00:18:85:45:91:09,,
00:18:85:5C:97:1C,,
00:18:85:45:8E:C6,,
AC:CC:8E:67:AD:1A,,
AC:CC:8E:A1:A7:A4,,
00:18:85:49:C8:78,,
00:40:8C:8B:5D:DC,,
1.1.00188545902e,,
1.1.accc8ea198a8,,
1.1.b8a44f250bef,,
1.1.accc8e6e010d,,
1.1.0018855a2d35,,
1.1.0018854f11c9,,
1.1.001885467c48,,
1.1.001885467f31,,
1.1.0018855fcec1,,
1.1.00188549bb54,,
1.1.00408c8c05e9,,
1.1.00014a2fbfc6,,
1.1.001885449454,,
1.1.accc8ee4e35d,,
1.1.0018855dc691,,
1.1.0018855dc833,,
1.1.0003c504a45c,,
1.1.001885459160,,
1.1.00188545a0a1,,
1.1.001885458e13,,
1.1.accc8ea1b463,,
1.1.accc8ea1b418,,
1.1.001885459109,,
1.1.0018855c971c,,
1.1.001885458ec6,,
1.1.accc8e67ad1a,,
1.1.accc8ea1a7a4,,
1.1.00188549c878,,
1.1.00408c8b5ddc,,
1.4.008c03d4-f8ac-4716-82cd-0235f0ce23b0,,
1.4.00dc8918-bbfd-4a18-b0e4-9d3128e941b1,,
